pNLP,seed,rawObjective,rawGapPercent,feasibleRaw,topologyMatch,maxEqRaw,maxIneqRaw,polishedObjective,polishedGapPercent,feasiblePolished,maxEqPolished,maxIneqPolished,iterations,runtimeCORAL,globalModelEvaluations,localObjectiveEvaluations,localConstraintEvaluations,totalModelEvaluations,totalOracleCalls,localNLPCalls,localNLPIterations,localNLPRuntime,topologyRepairChanges,polishRuntime,polishObjectiveCalls,topologyLabel
0,12001,34.5995753161717,-49.1255616398252,0,0,0.652272124970844,0.618732444390853,82.3725526027982,21.1187510733005,1,2.22044604925031e-16,0,300,14.5072524,41675,0,0,41675,41675,0,0,0,17195,0.1794172,234,P1-P3-P4-P6-P8
0,12002,96.7245140095461,42.221552748266,0,0,0.286688909113775,0.286680519177567,82.3725526027982,21.1187510733005,1,4.44089209850063e-16,0,300,19.9816797,41702,0,0,41702,41702,0,0,0,16715,0.0981444,234,P1-P3-P4-P6-P8
0,12003,59.0824264590185,-13.1265272595989,0,1,0.541202547833885,0,68.0097440510651,1.25371929391751e-13,1,4.44089209850063e-16,0,300,8.5524184,40973,0,0,40973,40973,0,0,0,16111,0.0224318,234,P2-P4-P6-P8
0,12004,94.0818445486525,38.3358309333017,0,0,0.542174428130876,0.48168682172491,77.1043100995276,13.3724456331346,1,2.22044604925031e-16,5.55111512312578e-17,300,14.4483942,41135,0,0,41135,41135,0,0,0,15824,0.0175682,209,P1-P4-P6-P8
0,12005,64.0871896193049,-5.76763592701494,0,0,0.517577936510769,0.520813255155842,73.2779865543376,7.74630544016887,1,2.22044604925031e-16,5.55111512312578e-17,300,13.2423711,40504,0,0,40504,40504,0,0,0,16575,0.0650869,234,P2-P3-P4-P6-P8
0,12006,94.8740957701545,39.5007393336438,0,0,0.405424964433361,0,73.2779865543376,7.74630544016892,1,2.77555756156289e-16,5.55111512312578e-17,300,10.7916095,41384,0,0,41384,41384,0,0,0,16585,0.0189561,260,P2-P3-P4-P6-P8
0,12007,48.9733677051289,-27.9906601789924,0,0,0.465993787504434,0.362043903471058,77.1043100995258,13.3724456331319,1,4.44089209850063e-16,0,300,12.9715042,41303,0,0,41303,41303,0,0,0,16483,0.0783746,286,P1-P4-P6-P8
0,12008,93.7281564946818,37.815775963377,0,0,0.569470131787326,0.13147351999238,77.1043100995258,13.3724456331319,1,4.44089209850063e-16,0,300,21.3886087,41718,0,0,41718,41718,0,0,0,16470,0.057514,234,P1-P4-P6-P8
0,12009,31.9995746507968,-52.9485442162964,0,0,0.75335348759374,0,77.1043100995262,13.3724456331325,1,2.22044604925031e-16,5.55111512312578e-17,300,14.7918343,41397,0,0,41397,41397,0,0,0,16564,0.0249887,235,P1-P4-P6-P8
0,12010,112.477610024181,65.3845512780155,0,0,0.247742523963334,0.246561328990452,94.4895099000724,38.9352529089436,1,3.33066907387547e-16,0,300,13.7517343,40504,0,0,40504,40504,0,0,0,16002,0.0664297,286,P2-P3-P4-P7-P8
0.2,12001,68.0093440997745,-0.00058807939380906,1,1,9.99880241214779e-06,1.02140518265514e-14,68.0097440510651,1.88057894087627e-13,1,2.33146835171283e-15,5.55111512312578e-17,300,356.4081211,48420,1659557,1659557,1707977,3367534,6801,57997,317.1479535,16229,0.0127202,105,P2-P4-P6-P8
0.2,12002,68.0097440450615,-8.82741665315165e-09,1,1,1.89592674892936e-10,0,68.0097440510651,1.46267250957043e-13,1,2.22044604925031e-16,0,81,96.3023345,12940,476279,476279,489219,965498,1859,16707,86.1322692,4174,0.0263426,79,P2-P4-P6-P8
0.2,12003,68.009744050987,-1.14694420071887e-10,1,1,2.61679566904149e-12,4.44089209850063e-16,68.0097440510671,3.02982162696732e-12,1,4.44089209850063e-16,0,81,100.8494807,12878,466347,466347,479225,945572,1801,16348,89.9090881999998,4166,0.0120189,140,P2-P4-P6-P8
0.2,12004,68.0097440507512,-4.6134780484008e-10,1,1,1.00291996929514e-11,7.66053886991358e-15,68.0097440510706,8.17007073202913e-12,1,2.22044604925031e-16,0,82,86.2325179,12971,464203,464203,477174,941377,1799,16283,77.4264946000001,4245,0.0195259,137,P2-P4-P6-P8
0.2,12005,68.0097440507644,-4.4204052771375e-10,1,1,9.51205780808095e-12,0,68.0097440510651,1.67162572522335e-13,1,2.22044604925031e-16,0,83,90.6352491,13188,472400,472400,485588,957988,1854,16588,81.8973293,4345,0.0277508,132,P2-P4-P6-P8
0.2,12006,68.0097440510412,-3.49578729787333e-11,1,1,1.54198875890188e-12,2.16493489801906e-15,68.0097440510651,1.25371929391751e-13,1,4.44089209850063e-16,5.55111512312578e-17,81,85.1465132,12824,474026,474026,486850,960876,1844,16661,76.8581869000001,4103,0.0226926,130,P2-P4-P6-P8
0.2,12007,68.0093440643867,-0.000588131427150764,1,1,9.99966994508217e-06,1.90403248723214e-14,68.0097440510651,1.88057894087627e-13,1,2.22044604925031e-16,0,300,332.6393058,48507,1678233,1678233,1726740,3404973,6832,58661,296.955431899999,16272,0.0516351,130,P2-P4-P6-P8
0.2,12008,68.009344099662,-0.000588079559216425,1,1,9.99875099461089e-06,0,68.0097440510651,1.67162572522335e-13,1,2.22044604925031e-16,0,254,228.2627848,41042,1415751,1415751,1456793,2872544,5760,49455,203.727614400001,13721,0.0120993,130,P2-P4-P6-P8
0.2,12009,68.0093441092684,-0.000588065434083524,1,1,9.99863813255786e-06,0,68.0097440510651,1.25371929391751e-13,1,2.22044604925031e-16,5.55111512312578e-17,292,350.9260146,47217,1613675,1613675,1660892,3274567,6571,56407,312.489572500001,15765,0.0275318,105,P2-P4-P6-P8
0.2,12010,68.0093442321243,-0.000587884789598784,1,1,9.99568841897336e-06,0,68.0097440510651,1.88057894087627e-13,1,2.22044604925031e-16,0,284,360.3170803,45888,1577711,1577711,1623599,3201310,6411,55198,321.541064899999,15338,0.0502097,131,P2-P4-P6-P8
0.3,12001,68.0097440509957,-1.01927378595494e-10,1,1,2.33579822150887e-12,4.05231403988182e-15,68.0097440510651,1.46267250957043e-13,1,2.22044604925031e-16,0,82,144.5706949,14110,720344,720344,734454,1454798,2861,25235,131.5203175,4229,0.0209804,130,P2-P4-P6-P8
0.3,12002,68.0097440509274,-2.02392084681417e-10,1,1,4.35074198890106e-12,0,68.0097440510651,1.46267250957043e-13,1,2.22044604925031e-16,5.55111512312578e-17,81,148.7859049,13937,724875,724875,738812,1463687,2815,25440,135.6709227,4221,0.0097492,78,P2-P4-P6-P8
0.3,12003,68.009345219508,-0.000586432962764081,1,1,9.97233529675956e-06,1.34908750837326e-12,68.0097440510651,1.67162572522335e-13,1,4.44089209850063e-16,0,300,527.0910989,52016,2498636,2498636,2550652,5049288,10200,87283,477.9565625,16360,0.021495,190,P2-P4-P6-P8
0.3,12004,68.0093374094468,-0.000597916701245808,1,1,9.93692362349918e-06,5.50020182565891e-07,68.0097440510653,3.76115788175254e-13,1,2.22044604925031e-16,0,300,491.4830828,51860,2439607,2439607,2491467,4931074,10062,85176,445.159445400001,16191,0.0211821,130,P2-P4-P6-P8
0.3,12005,68.0097439866987,-9.4642747114794e-08,1,1,3.37643164305963e-09,1.88737914186277e-15,68.0097440510651,1.25371929391751e-13,1,4.44089209850063e-16,5.55111512312578e-17,81,124.6560242,13894,693483,693483,707377,1400860,2735,24326,113.6925349,4206,0.0131244,130,P2-P4-P6-P8
0.3,12006,68.0097440505734,-7.22790068265012e-10,1,1,1.57505120057522e-11,0,68.0097440510651,1.46267250957043e-13,1,2.22044604925031e-16,0,81,119.6085194,13890,696376,696376,710266,1406642,2745,24410,109.3597082,4198,0.0237121,137,P2-P4-P6-P8
0.3,12007,68.0097440500789,-1.4499890493803e-09,1,1,3.11769499106163e-11,0,68.0097440510651,1.25371929391751e-13,1,3.33066907387547e-16,0,81,116.8006526,13974,717855,717855,731829,1449684,2792,25158,106.9712751,4182,0.0153095,104,P2-P4-P6-P8
0.3,12008,68.0093442374437,-0.000587876968020225,1,1,9.99580981964066e-06,3.92963439566074e-13,68.0097440510651,1.46267250957043e-13,1,3.33066907387547e-16,0,300,486.0040944,51945,2480053,2480053,2531998,5012051,10199,86636,442.397357699998,16234,0.018059,157,P2-P4-P6-P8
0.3,12009,68.0093440885248,-0.000588095935109785,1,1,9.99906476606416e-06,6.0507154842071e-15,68.0097440510651,1.46267250957043e-13,1,2.22044604925031e-16,0,235,411.0818959,40763,1964897,1964897,2005660,3970557,8022,68747,373.4652435,12555,0.0174523,130,P2-P4-P6-P8
0.3,12010,68.009744050969,-1.41127001851981e-10,1,1,3.07442959979198e-12,0,68.0097440510668,2.65370583879207e-12,1,2.22044604925031e-16,0,81,124.9958348,13975,718137,718137,732112,1450249,2803,25189,114.4753074,4235,0.0200922,137,P2-P4-P6-P8
0.4,12001,68.009345005122,-0.000586748191089678,1,1,9.98378643879416e-06,2.66953126271119e-13,68.0097440510651,1.88057894087627e-13,1,4.44089209850063e-16,5.55111512312578e-17,300,715.0013352,55467,3284499,3284499,3339966,6624465,13641,114479,655.881244499998,16078,0.0192698,158,P2-P4-P6-P8
0.4,12002,68.0097440274035,-3.4791337265858e-08,1,1,7.47394368616483e-10,6.83897383169096e-14,68.0097440510651,1.46267250957043e-13,1,4.44089209850063e-16,0,81,200.4272991,14913,924384,924384,939297,1863681,3676,32381,183.8025812,4182,0.0394625,130,P2-P4-P6-P8
0.4,12003,68.0097440508587,-3.03358278484908e-10,1,1,6.60416166198274e-12,0,68.0097440510689,5.6626321441941e-12,1,3.33066907387547e-16,5.55111512312578e-17,81,202.3624135,14883,928771,928771,943654,1872425,3659,32512,186.3137422,4282,0.0197174,137,P2-P4-P6-P8
0.4,12004,68.0093418033004,-0.000591456077606849,1,1,9.98539413110677e-06,1.33226762955019e-15,68.0097440510651,1.04476607826459e-13,1,4.44089209850063e-16,0,300,576.7510057,55578,3288381,3288381,3343959,6632340,13693,114729,528.987566799999,16051,0.0108769,130,P2-P4-P6-P8
0.4,12005,68.009744050845,-3.23522263795414e-10,1,1,6.96154245360958e-12,0,68.0097440510651,1.04476607826459e-13,1,2.22044604925031e-16,0,81,725.1041943,14865,928250,928250,943115,1871365,3670,32542,706.896484600001,4145,0.0488432,133,P2-P4-P6-P8
0.4,12006,68.0097440504215,-9.46244637084243e-10,1,1,2.03844718882351e-11,0,68.0097440510651,1.46267250957043e-13,1,2.22044604925031e-16,0,81,188.7862541,14936,935838,935838,950774,1886612,3705,32805,173.0882634,4259,0.0458021,160,P2-P4-P6-P8
0.4,12007,68.0097440506346,-6.32898394891126e-10,1,1,2.09993133992725e-11,0,68.0097440510651,1.67162572522335e-13,1,2.22044604925031e-16,0,81,196.6283276,14916,935457,935457,950373,1885830,3667,32779,181.3275073,4198,0.0401469,130,P2-P4-P6-P8
0.4,12008,68.0097438936,-2.31533034461518e-07,1,1,3.93378785101817e-09,6.16173778666962e-15,68.0097440510651,1.46267250957043e-13,1,2.22044604925031e-16,0,81,152.1689109,14954,945925,945925,960879,1906804,3731,33173,140.6875155,4203,0.016202,104,P2-P4-P6-P8
0.4,12009,68.0097440507672,-4.37819672757561e-10,1,1,9.40625355383418e-12,6.43929354282591e-15,68.0097440510651,1.25371929391751e-13,1,2.22044604925031e-16,0,82,187.0007061,15030,941007,941007,956037,1897044,3674,33012,172.2527566,4238,0.0239506,104,P2-P4-P6-P8
0.4,12010,68.0097440503382,-1.06869122145685e-09,1,1,2.72057931738345e-11,4.21884749357559e-15,68.0097440510651,1.46267250957043e-13,1,2.22044604925031e-16,0,81,192.2970615,14850,934343,934343,949193,1883536,3647,32782,177.662543500001,4264,0.0358251,130,P2-P4-P6-P8
0.6,12001,68.0097440508302,-3.45211607580187e-10,1,1,7.83151321570585e-12,0,68.0097440510719,1.01969169238624e-11,1,4.44089209850063e-16,0,81,369.1228137,16805,1390767,1390767,1407572,2798339,5531,48666,342.1799904,4179,0.0221416,166,P2-P4-P6-P8
0.6,12002,68.009744050324,-1.08952385705745e-09,1,1,2.34302577339918e-11,4.44089209850063e-15,68.0097440510651,1.46267250957043e-13,1,2.22044604925031e-16,0,81,363.8393857,16791,1378276,1378276,1395067,2773343,5499,48242,337.1761364,4207,0.0237154,132,P2-P4-P6-P8
0.6,12003,68.0097240621732,-2.93912175180874e-05,1,1,9.99104915732723e-06,1.46771483855446e-13,68.0097440510651,8.35812862611676e-14,1,4.44089209850063e-16,0,203,628.0254989,42224,3369540,3369540,3411764,6781304,13891,117699,582.665110500001,10686,0.0287582,105,P2-P4-P6-P8
0.6,12004,68.0097440494631,-2.35536243748283e-09,1,1,5.06069630645811e-11,0,68.0097440510651,1.04476607826459e-13,1,4.44089209850063e-16,0,81,322.9559958,16730,1378288,1378288,1395018,2773306,5457,48223,300.5427839,4212,0.0109015,130,P2-P4-P6-P8
0.6,12005,68.0093441436346,-0.000588014902843801,1,1,9.99771507936842e-06,0,68.0097440510651,1.46267250957043e-13,1,2.22044604925031e-16,0,246,1836.392223,51161,4044187,4044187,4095348,8139535,16816,141144,1786.0575887,12985,0.0195461,130,P2-P4-P6-P8
0.6,12006,68.0093441147778,-0.000588057333259888,1,1,9.99907753573837e-06,6.66133814775094e-16,68.0097440510651,1.04476607826459e-13,1,2.22044604925031e-16,0,300,1794.3045463,62464,4894876,4894876,4957340,9852216,20507,170695,1727.492878,15980,0.0115449,130,P2-P4-P6-P8
0.6,12007,68.0097440504918,-8.42812795336048e-10,1,1,1.81247239439131e-11,7.60502771868232e-15,68.0097440510651,1.46267250957043e-13,1,2.22044604925031e-16,5.55111512312578e-17,81,261.0053713,16748,1379416,1379416,1396164,2775580,5480,48299,243.215773299999,4190,0.0316181,133,P2-P4-P6-P8
0.6,12008,68.0097440340132,-2.5072526194731e-08,1,1,5.3846893610654e-10,1.94844140821715e-14,68.0097440510651,1.04476607826459e-13,1,2.22044604925031e-16,0,81,283.6525552,16724,1380743,1380743,1397467,2778210,5488,48356,265.069076799999,4076,0.0099466,104,P2-P4-P6-P8
0.6,12009,68.0097440505631,-7.37918281078283e-10,1,1,1.62836411021772e-11,0,68.0097440510651,1.46267250957043e-13,1,2.22044604925031e-16,0,81,254.8055419,16672,1364787,1364787,1381459,2746246,5407,47791,237.1306861,4153,0.0241682,137,P2-P4-P6-P8
0.6,12010,68.0093440505497,-0.0005881517728,1,1,9.99996192085906e-06,3.96904731303493e-14,68.0097440510651,1.46267250957043e-13,1,4.44089209850063e-16,0,279,943.3728499,58104,4560074,4560074,4618178,9178252,19134,159037,877.103560199999,14793,0.012626,130,P2-P4-P6-P8
0.8,12001,68.0097440495991,-2.15541510542455e-09,1,1,4.68239891304734e-11,1.63202784619898e-14,68.0097440510651,1.46267250957043e-13,1,2.22044604925031e-16,0,81,40573.3307014,18672,1841197,1841197,1859869,3701066,7367,64419,29742.8489840999,4100,0.0285381,138,P2-P4-P6-P8
0.8,12002,68.0093440579456,-0.000588140898038845,1,1,9.99980062210692e-06,0,68.0097440510652,2.29848537218211e-13,1,2.22044604925031e-16,0,242,990.6699596,55881,5241060,5241060,5296941,10538001,22041,182668,925.068133699998,12465,0.026227,130,P2-P4-P6-P8
0.8,12003,68.0097440495347,-2.25011270275846e-09,1,1,4.84059459182618e-11,6.78346268045971e-14,68.0097440510651,1.46267250957043e-13,1,2.22044604925031e-16,0,81,377.6451834,18640,1807450,1807450,1826090,3633540,7353,63088,353.8716017,4141,0.0281688,160,P2-P4-P6-P8
0.8,12004,68.0097440505433,-7.67067254661865e-10,1,1,1.68831615354748e-11,0,68.0097440510651,1.46267250957043e-13,1,2.22044604925031e-16,0,81,343.9063984,18649,1823899,1823899,1842548,3666447,7325,63804,322.0317782,4145,0.02397,137,P2-P4-P6-P8
0.8,12005,68.0097440503228,-1.09127906406893e-09,1,1,2.65969468671301e-11,0,68.0097440510651,1.46267250957043e-13,1,4.44089209850063e-16,0,81,398.6868772,18645,1828837,1828837,1847482,3676319,7351,63978,373.688125399999,4119,0.0183539,130,P2-P4-P6-P8
0.8,12006,68.0097440504835,-8.54994767808614e-10,1,1,1.84161574878772e-11,0,68.0097440510651,1.67162572522335e-13,1,2.22044604925031e-16,0,81,459.5486322,18670,1830758,1830758,1849428,3680186,7375,64072,430.396027600001,4137,0.0644261,134,P2-P4-P6-P8
0.8,12007,68.009743959529,-1.34592512415476e-07,1,1,2.89381429929847e-09,0,68.0097440510651,1.25371929391751e-13,1,2.22044604925031e-16,5.55111512312578e-17,81,386.1997896,18714,1838303,1838303,1857017,3695320,7401,64238,362.174082,4110,0.0546589,130,P2-P4-P6-P8
0.8,12008,68.0097440498166,-1.8355913135462e-09,1,1,3.96542798597466e-11,1.93178806284777e-14,68.0097440510651,1.25371929391751e-13,1,2.22044604925031e-16,0,81,393.2907873,18552,1804715,1804715,1823267,3627982,7289,63113,369.261604499999,4085,0.0242845,137,P2-P4-P6-P8
0.8,12009,68.0097440496668,-2.05595337477377e-09,1,1,4.46763737116385e-11,5.99520433297585e-15,68.0097440510651,1.46267250957043e-13,1,2.22044604925031e-16,0,81,430.4227908,18623,1828506,1828506,1847129,3675635,7330,63949,403.8704122,4142,0.0143793,137,P2-P4-P6-P8
0.8,12010,68.0097440508626,-2.97549379089757e-10,1,1,6.45683506661499e-12,4.44089209850063e-16,68.0097440510685,5.09845846193122e-12,1,5.55111512312578e-16,0,81,322.3957264,18678,1835122,1835122,1853800,3688922,7381,64134,301.663559199999,4164,0.0142008,137,P2-P4-P6-P8
1,12001,68.0093440791633,-0.000588109700049133,1,1,9.99827089687155e-06,0,68.0097440510653,4.3880175287113e-13,1,3.33066907387547e-16,0,300,5052.1019351,76117,7982421,7982421,8058538,16040959,34153,277688,1322.8033971,15481,0.0174711,130,P2-P4-P6-P8
1,12002,68.0097440503036,-1.11955043414677e-09,1,1,2.4580115720596e-11,2.50355292052973e-14,68.0097440510651,1.46267250957043e-13,1,2.22044604925008e-16,5.55111512312578e-17,81,10459.1879151,20482,2276184,2276184,2296666,4572850,9184,79574,465.6170487,4017,0.0157623,137,P2-P4-P6-P8
1,12003,68.0097440505352,-7.79019378597212e-10,1,1,1.98785432559134e-11,3.60822483003176e-15,68.0097440510651,1.25371929391751e-13,1,2.22044604925031e-16,0,81,515.9878313,20472,2268608,2268608,2289080,4557688,9176,79272,487.593586599998,4054,0.0343963,130,P2-P4-P6-P8
1,12004,68.0097439852693,-9.67444821391173e-08,1,1,2.07789352391075e-09,8.88178419700125e-16,68.0097440510651,1.46267250957043e-13,1,4.44089209850063e-16,0,81,360.3130832,20485,2264106,2264106,2284591,4548697,9185,79107,339.838880299999,3968,0.0218931,130,P2-P4-P6-P8
1,12005,68.0097440467762,-6.30618715308353e-09,1,1,1.36239797221549e-10,2.74780198594726e-14,68.0097440510651,1.46267250957043e-13,1,2.22044604925031e-16,0,81,328.1825357,20486,2277504,2277504,2297990,4575494,9185,79571,309.292980099999,4089,0.0309167,137,P2-P4-P6-P8
1,12006,68.0093440626635,-0.000588133960854771,1,1,9.99969341919371e-06,2.27595720048157e-14,68.0097440510651,1.25371929391751e-13,1,4.44089209850063e-16,0,227,5448.3229232,57555,6097625,6097625,6155180,12252805,25823,212446,5393.93795249998,11720,0.0249384,130,P2-P4-P6-P8
1,12007,68.0097440502404,-1.21253461511232e-09,1,1,1.92042483815325e-06,7.105427357601e-15,68.0097440510651,1.46267250957043e-13,1,4.44089209850063e-16,0,81,443.8111018,20515,2267228,2267228,2287743,4554971,9187,79237,419.604330200002,4094,0.0178409,105,P2-P4-P6-P8
1,12008,68.0097440393658,-1.72022197458775e-08,1,1,3.7244374251344e-10,4.44089209850063e-16,68.0097440510651,1.25371929391751e-13,1,4.44089209850063e-16,0,81,380.2398165,20502,2276241,2276241,2296743,4572984,9190,79505,358.875698300001,4075,0.0299783,162,P2-P4-P6-P8
1,12009,68.0093437859732,-0.000588540800058115,1,1,9.99861430805993e-06,6.13675776861555e-13,68.0097440510701,7.54321108507037e-12,1,4.44089209850063e-16,0,290,1301.1963602,73561,7693686,7693686,7767247,15460933,33016,267457,1225.33894060001,14865,0.0243135,130,P2-P4-P6-P8
1,12010,68.0097440471033,-5.82521864129364e-09,1,1,1.25133570172409e-10,3.25850457727483e-14,68.0097440510651,1.46267250957043e-13,1,2.22044604925031e-16,0,81,560.340352,20506,2269566,2269566,2290072,4559638,9191,79295,528.857763099997,4119,0.016978,130,P2-P4-P6-P8
